"id","site","job_url","job_url_direct","title","company","location","date_posted","job_type","salary_source","interval","min_amount","max_amount","currency","is_remote","job_level","job_function","listing_type","emails","description","company_industry","company_url","company_logo","company_url_direct","company_addresses","company_num_employees","company_revenue","company_description","skills","experience_range","company_rating","company_reviews_count","vacancy_count","work_from_home_type"
"in-600d7763d57a57a7","indeed","https://fr.indeed.com/viewjob?jk=600d7763d57a57a7","https://jobs.lever.co/alice-bob/a64d6b20-4087-4670-8237-fbaf26926627?lever-source=Indeed","Quantum Device Theory Scientist","Alice & Bob","Paris, A8, FR","2026-03-30","","","","","","",True,"","","","","Alice \\& Bob is developing the first universal, fault\\-tolerant quantum computer to solve the world’s hardest problems.
The quantum computer we envision building is based on a new kind of superconducting qubit: the Schrödinger cat qubit. In comparison to other superconducting platforms, cat qubits have the astonishing ability to implement quantum error correction autonomously!
We are at the forefront of the quantum race, competing with tech giants such as Google or IBM, and we are growing fast after securing €100 million of funding in 2025 to develop our unique technology.
Currently 100\\+ and counting, between physicists, PhD students, engineers and experienced business professionals, we are united to reach our ambitious goal. Are you a quantum pioneer? Join us on a mission to reshape the future! **About the role**
As a **Quantum Scientist** on the **Read a Cat** team, you'll drive the advancement of our cutting\\-edge cat\\-qubit processors. You'll also apply your expertise in **fundamental quantum physics** and **quantum mechanics** to refine calibration, challenge designs, and optimize our quantum circuits. This role involves designing, modelling, and simulating the behaviour of quantum devices, primarily qubits, to optimise their performance and enable the development of scalable and fault\\-tolerant quantum computers.
### **Responsibilities**

* Execute rigorous circuit quantization of dissipative Cat Qubits to define their operational parameters.
* Optimize and refine cat qubit circuit designs to enhance system performance and coherence.
* Develop high\\-fidelity experimental models and provide technical troubleshooting to resolve complex lab challenges.
* Expand Alice \\& Bob’s internal knowledge base by documenting novel research and R\\&D findings.
* Communicate key research results through detailed internal reports and external scientific publications.

### **Requirements**

* 2\\+ years of experience with quantum device theory and simulation, preferably in the field of superconducting quantum circuits.
* Proven experience with specific qubit modalities (e.g., superconducting circuits, trapped ions, semiconductor qubits, topological qubits).
* A Ph.D. in Physics, Applied Physics, Electrical Engineering, or a related field with a strong focus on quantum mechanics, condensed matter physics, quantum information, or quantum optics.
* Expertise in numerical simulation techniques (e.g., finite element methods, master equation approaches).
* Proficiency in programming languages commonly used for scientific computing and simulation, such as Python (with libraries like NumPy, SciPy, QuTiP), MATLAB, or C\\+\\+.
* First\\-hand experience with Ansys EDT or similar is an asset.
* Professional\\-level English proficiency, both written and spoken.


**Nice to Have**:
* A strong curiosity and openness to new ideas
* Research skills (going through existing literature, testing new methods)
* Team player mindset

### **Benefits**

* Our success is your success : own it with our **BSPCE** plan
* **Direct IP Compensation:** Earn substantial bonuses for driving the core patents that define our quantum architecture.
* Flexible **remote** policy, up to 40 % a month
* A **Parental Plan** including additional benefits such as crèche support or additional days\\-off to take care of under 12 years old children
* Subsidized membership with**Urban Sports Club**
* **Mental health** support with moka.care
* 25\\-day vacation policy (as per French law) \\+ RTT
* Half of transportation cost coverage (as per French law), or yearly allowance for the die\\-hard bicycle users
* Competitive health coverage with Alan
* Meal vouchers with Swile, as well as access to a fully equipped and regularly stocked kitchen
* French language courses covered by the company for those interested

### **Recruitment Process**

* Screening Call with Grace, Talent Acquisition Specialist (30 min)
* Hiring Manager Interview with Giulio (45 min)
* Technical Interview/Presentation with the team (60 min)
* Leadership Interview (45 min)
* Fit Interview (45 min)
* Reference Check

  


Research shows that women might feel hesitant to apply for this job if they don't match 100% of the job requirements listed. This list is a guide, and we'd love to receive your application even if you think you're only a partial match. We are looking to build teams that innovate, not just tick boxes on a job spec.  

You will join of one of the most innovative startups in France at an early stage, to be part of a passionate and friendly team on its mission to build the first universal quantum computer!  

We love to share and learn from one another, so you will be certain to innovate, develop new ideas, and have the space to grow.","","https://fr.indeed.com/cmp/Alice-&-Bob","","","","","","","","","","","",""
"in-6555ab13e029b561","indeed","https://fr.indeed.com/viewjob?jk=6555ab13e029b561","https://www.abg.asso.fr/fr/candidatOffres/show/id_offre/136253/job/lois-universelles-et-controle-proprioceptif-de-la-nage-ondulatoire-universal-laws-and-proprioceptive-control-of-undulatory-swimming","Lois universelles et contrôle proprioceptif de la nage ondulatoire // Universal laws and proprioceptive control of undulatory swimming","Université Côte d'Azur","Nice, B8, FR","2026-03-05","","","","","","",False,"","","","","**Lois universelles et contrôle proprioceptif de la nage ondulatoire // Universal laws and proprioceptive control of undulatory swimming**
==========================================================================================================================================

Réf **ABG\\-136253**
  

**ADUM\\-71667** Sujet de Thèse
  

05/03/2026 Contrat doctoral
  

Université Côte d'Azur
Lieu de travail
Nice Cedex 02 \\- Provence\\-Alpes\\-Côte d'Azur \\- France
Intitulé du sujet
Lois universelles et contrôle proprioceptif de la nage ondulatoire // Universal laws and proprioceptive control of undulatory swimming
Champs scientifiques
* Physique
Mots clés
Lois d'échelle, Nage ondulatoire, Robotique biomimétique, Optimisation énergétique, Interaction fluide–structure  

Scaling Laws, Undulatory swimming, Biomimetic robotics, Energy Optimization, Fluid Structure Interaction
**Description du sujet**
------------------------


Cette thèse se situe à l'interface entre mécanique des fluides, dynamique non linéaire et robotique, et sera co\\-encadrée par des chercheurs d'INPHYNI (hydrodynamique, modélisation théorique, simulations numériques et expérimentations fines) et d'I3S (robotique, systèmes embarqués, mécatronique et contrôle temps réel) à l'Université Côte d'Azur. Elle s'appuie sur des résultats internationalement reconnus dans le domaine de la nage ondulatoire et des interactions fluide–structure, incluant deux publications dans des revues Nature et une dans PNAS par le coordinateur scientifique sur ces thématiques. La thèse vise à prolonger ces avancées en articulant compréhension fondamentale et implémentation robotique autonome.  

  

La nage ondulatoire constitue l'un des modes de propulsion les plus répandus chez les vertébrés aquatiques. Si des lois d'échelle récentes ont permis d'unifier les performances de nage sur près de huit ordres de grandeur en nombre de Reynolds, des questions fondamentales demeurent ouvertes concernant l'optimisation énergétique, la sélection des allures et l'émergence du mouvement à partir de boucles sensori\\-motrices locales. L'objectif de la thèse est d'établir des lois prédictives et interprétables reliant poussée, traînée, vitesse, morphologie, fréquence d'oscillation et coût énergétique, puis d'incarner ces principes dans un robot poisson biomimétique autonome.  

  

Le doctorant développera des modèles théoriques et réduits fondés sur une analyse adimensionnelle (nombres de Reynolds, de Strouhal et élasto\\-inertiels) afin de décrire l'efficacité propulsive et les bilans énergétiques. Ces modèles seront confrontés à des simulations numériques haute fidélité, incluant des simulations directes des équations de Navier–Stokes et des calculs d'interaction fluide–structure réalisés sous COMSOL (formulation ALE). En parallèle, des expériences contrôlées seront menées sur une plateforme robotique souple développée à INPHYNI. Les efforts hydrodynamiques seront mesurés via des capteurs force–couple et la puissance électrique consommée sera analysée afin d'établir des budgets énergétiques quantitatifs. Des outils d'analyse avancée, incluant la quantification des incertitudes et l'extraction de modèles à partir des données, garantiront la robustesse des conclusions physiques.  

  

Un axe central de la thèse consiste à mettre en œuvre une architecture de contrôle proprioceptive, dans laquelle l'allure de nage émerge d'une boucle de rétroaction locale plutôt que d'une cinématique imposée. Le robot sera équipé de jauges de déformation, d'unités de mesure inertielle et de capteurs de pression. INPHYNI développera des lois de rétroaction retardée fondées sur la courbure, inspirées des mécanismes biologiques et de la dynamique non linéaire. I3S concevra l'architecture embarquée, le traitement temps réel des signaux, la commande des actionneurs et les modules d'autonomie. L'intégration étroite entre modélisation physique et implémentation robotique constitue le cœur interdisciplinaire du projet.  

  

L'interaction entre INPHYNI et I3S est structurante : les lois issues de l'hydrodynamique guideront la conception du contrôle embarqué, tandis que les contraintes mécatroniques et robotiques alimenteront en retour la modélisation théorique. Cette approche bidirectionnelle garantit une interdisciplinarité réelle et cohérente.  

  

Le doctorant acquerra une double compétence rare en interactions fluide–structure, dynamique non linéaire, instrumentation expérimentale, conception robotique et contrôle autonome embarqué. Les retombées attendues incluent l'identification de lois énergétiques prédictives, la validation expérimentale de stratégies de nage proprioceptives et des gains mesurables d'efficacité (objectif 10–20 %) par rapport à des cinématiques imposées. Au\\-delà des avancées fondamentales, la thèse contribuera au développement de robots sous\\-marins sobres en énergie et de plateformes biomimétiques pour le suivi environnemental.  

\\-  

\\-  

  

This PhD project is positioned at the interface between fluid mechanics, nonlinear physics, and robotics, and will be jointly supervised by researchers from INPHYNI (hydrodynamics, theory, high\\-precision experiments) and I3S (robotics, embedded systems, mechatronic design, and real\\-time control) at Université Côte d'Azur. It builds upon internationally recognized contributions in undulatory locomotion and fluid–structure interactions, including two publications in Nature journals and one in PNAS by the team in this research area. The thesis will capitalize on this strong scientific foundation to bridge fundamental physics and autonomous robotic implementation.  

  

Undulatory swimming is one of the most widespread propulsion mechanisms in aquatic vertebrates. While universal scaling laws have recently unified swimming performance across nearly eight orders of magnitude in Reynolds number, fundamental questions remain open regarding energetic optimization, gait selection, and embodied control. The objective of this PhD is to establish predictive and interpretable laws linking thrust, drag, swimming velocity, morphology, actuation frequency, and energy consumption, and to embed these principles into an autonomous bio\\-inspired robotic fish.  

  

The doctoral candidate will develop theoretical and reduced\\-order models based on dimensionless analysis (Reynolds, Strouhal, and elasto\\-inertial numbers) to describe propulsion efficiency and energetic cost. These models will be systematically confronted with high\\-fidelity numerical simulations, including Direct Numerical Simulations of the Navier–Stokes equations and Fluid–Structure Interaction simulations performed in COMSOL using an ALE framework. In parallel, controlled laboratory experiments will be conducted on a compliant robotic fish platform developed at INPHYNI. Hydrodynamic forces will be measured using force–torque sensors, and electrical power consumption will be monitored to derive quantitative energetic budgets. Advanced data analysis, including uncertainty quantification and data\\-driven model extraction, will ensure robust and interpretable physical conclusions.  

  

A central component of the thesis is the implementation of a proprioceptive control architecture, in which locomotion emerges from local sensorimotor feedback rather than imposed kinematics. The robotic fish will be upgraded with embedded strain sensors, inertial measurement units (IMUs), and pressure sensors. INPHYNI will provide curvature\\-based delayed feedback models inspired by biological proprioception and nonlinear dynamics. I3S will design and implement the embedded control architecture, actuator command systems, onboard signal processing, and autonomous navigation modules. This tight integration between physics\\-based modeling and robotic embodiment constitutes the core interdisciplinary contribution of the project.  

  

The interaction between INPHYNI and I3S is central to the success of the thesis: physical scaling laws derived from hydrodynamics will directly inform the robotic control architecture, while constraints arising from embedded systems and actuation will feed back into the theoretical modeling. This bidirectional exchange ensures a truly interdisciplinary approach rather than a simple juxtaposition of competencies.  

  

The PhD candidate will acquire a rare dual expertise in fluid–structure interaction, nonlinear dynamics, experimental hydrodynamics, robotic design, and autonomous control systems. Expected outcomes include predictive energetic laws for undulatory propulsion, experimentally validated proprioceptive swimming strategies, and measurable efficiency gains (target 10–20%) compared to imposed kinematics. Beyond fundamental advances, the thesis will contribute to the development of energy\\-aware underwater robots and scalable biomimetic platforms for environmental monitoring.  

\\-  

\\-  

  

Début de la thèse : 01/10/2026  

WEB : https://mederic\\-argentina.github.io
**Nature du financement**
-------------------------

Contrat doctoral
### **Précisions sur le financement**

Concours pour un contrat doctoral
**Présentation établissement et labo d'accueil**
------------------------------------------------

Université Côte d'Azur
### **Etablissement délivrant le doctorat**

Université Côte d'Azur
### **Ecole doctorale**

364 SFA \\- Sciences Fondamentales et Appliquées
**Profil du candidat**
----------------------

Le candidat devra être titulaire d'un Master 2 ou équivalent en physique, mécanique des fluides, mécanique, robotique ou systèmes dynamiques, avec une solide formation en modélisation mathématique et en méthodes numériques. Une bonne maîtrise des bases de la mécanique des fluides et des systèmes dynamiques est attendue. Des compétences en simulation numérique (par exemple éléments finis, CFD, COMSOL ou outils équivalents) et en programmation scientifique (Python, Matlab, C/C\\+\\+) seront appréciées. Un intérêt pour l'expérimentation, l'instrumentation et l'analyse de données est également souhaité. Une appétence pour la robotique, le contrôle embarqué et les systèmes mécatroniques constituera un atout important, compte tenu de l'interaction avec l'équipe d'I3S. Le candidat devra faire preuve d'autonomie, de curiosité scientifique, de capacité à travailler en équipe dans un environnement interdisciplinaire, et d'aptitudes à communiquer ses résultats (rédaction scientifique en anglais, présentations en conférences).  

The candidate should hold a Master's degree (or equivalent) in Physics, Fluid Mechanics, Mechanical Engineering, Robotics, or Dynamical Systems, with a strong background in mathematical modeling and numerical methods. A solid understanding of continuum mechanics and fluid dynamics is expected. Experience in numerical simulations (e.g., finite elements, CFD, COMSOL or equivalent tools) and scientific programming (Python, Matlab, C/C\\+\\+) will be highly appreciated. An interest in experimental work, instrumentation, and data analysis is also desirable. A strong motivation for robotics, embedded control, and mechatronic systems will be considered an important asset, given the close interaction with the I3S robotics team. The candidate should demonstrate scientific curiosity, autonomy, and the ability to work in an interdisciplinary environment. Good communication skills and proficiency in written and spoken English (for scientific publications and conference presentations) are required.
Date limite de candidature
24/04/2026","","https://fr.indeed.com/cmp/Universit%C3%A9-C%C3%B4te-D'azur","","http://www.univ-cotedazur.fr","Nice","","","","","","","","",""
"in-6fafc75941da58e9","indeed","https://fr.indeed.com/viewjob?jk=6fafc75941da58e9","https://www.abg.asso.fr/fr/candidatOffres/show/id_offre/136019/job/mecanique-des-tissus-fibreux-reponse-active-aux-temps-courts-mechanics-of-fibrous-tissue-cell-driven-short-time-active-response","Mécanique des tissus fibreux: réponse active aux temps courts // Mechanics of fibrous tissue: cell-driven short time active response","Université Grenoble Alpes","Saint-Martin-d'Hères, ARA, FR","2026-02-25","","","","","","",False,"","","","","**Mécanique des tissus fibreux: réponse active aux temps courts // Mechanics of fibrous tissue: cell\\-driven short time active response**
=========================================================================================================================================

Réf **ABG\\-136019**
  

**ADUM\\-70190** Sujet de Thèse
  

25/02/2026 Contrat doctoral
  

Université Grenoble Alpes
Lieu de travail
Saint\\-Martin d'Hères Cedex \\- Auvergne\\-Rhône\\-Alpes \\- France
Intitulé du sujet
Mécanique des tissus fibreux: réponse active aux temps courts // Mechanics of fibrous tissue: cell\\-driven short time active response
Champs scientifiques
* Electronique
Mots clés
biomécanique, tissus fibreux, collagène, rhéologie, cellules vivantes  

biomechanics, fibrous tissue, collagen, rheology, living cells
**Description du sujet**
------------------------


Les tissus mous relient, entourent ou soutiennent les organes internes et les os. Ils présentent une grande variété de microstructures et de propriétés mécaniques, qui varient d'un organe à l'autre et selon les conditions patho\\-physiologiques. Dans ces tissus, les cellules sont dispersées les unes par rapport aux autres au sein d'une matrice à base de collagène, appelée matrice extracellulaire (MEC). Il est établi que les cellules peuvent réorganiser le collagène, tant par des actions biochimiques que par des forces mécaniques, sur une échelle de temps de l'ordre de quelques heures, et que leur action peut entraîner des changements drastiques dans l'organisation et les propriétés mécaniques de la matrice \\[1,2,3]. La manière dont les cellules orchestrent collectivement ces changements reste une question complexe et non résolue.  

Afin de commencer à aborder ces questions, nous nous concentrerons sur la mécanique passive et active à court terme d'un micro\\-tissu reconstitué in vitro. Nous utiliserons un modèle mécanique de réseau fibreux actif capable de reproduire la réponse plastique des tissus fibreux à la compression, à l'échelle de quelques heures.  

\\-  

\\-  

  

Soft tissue connect, surround or support internal organs and bones. They exhibit a large variety of microstructures and mechanical properties, which vary from organ to organ and according to patho\\-physiological conditions. In these tissues, cells are dispersed away from one another and in a collagen\\-based matrix, the so\\-called extra\\-cellular matrix (ECM). It is known that cells can rearrange the collagen both by biochemical action and mechanical forces, over the time scale of hours, and that their action can result in drastic changes in both the organisation and the mechanical properties of the matrix \\[1,2,3]. How cells collectively orchestrate those changes remains a challenging question.  

In order to start addressing those question, we will focus on shorter time passive and active mechanics of an in vitro reconstituted microtissue and design a mechanical model of active fibrous network able to recapitulate the plastic response of fibrous tissue to compression at hour time\\-scale.  

\\-  

\\-  

  

Début de la thèse : 01/10/2026  

WEB : https://liphy\\-annuaire.univ\\-grenoble\\-alpes.fr/pages\\_personnelles/jocelyn\\_etienne/index.html
**Nature du financement**
-------------------------

Contrat doctoral
### **Précisions sur le financement**

Concours pour un contrat doctoral
**Présentation établissement et labo d'accueil**
------------------------------------------------

Université Grenoble Alpes
### **Etablissement délivrant le doctorat**

Université Grenoble Alpes
### **Ecole doctorale**

510 I\\-MEP² \\- Ingénierie \\- Matériaux, Mécanique, Environnement, Energétique, Procédés, Production
**Profil du candidat**
----------------------

• Mécanique théorique: élasticité, mécanique des fluides, éventuellement visco\\-élasticité • Calcul numérique: différences finies ou éléments finis • Programmation: python, ou à défaut autre langage permettant le calcul scientifique (C\\+\\+, matlab, Julia,...) • Bonne communication et motivation pour un projet interdisciplinaire  

• Theoretical mechanics: elasticity, fluid mechanics, optionally visco\\-elasticity • Numerics: finite differences or finite elements • Coding: python or other language appropriate for scientific computation (C\\+\\+, matlab, Julia,…) • Good communication skills and motivation for an interdisciplinary project.
Date limite de candidature
03/05/2026","Transport And Freight","https://fr.indeed.com/cmp/Universit%C3%A9-Grenoble-Alpes","https://d2q79iu7y748jz.cloudfront.net/s/_squarelogo/256x256/27bb5d2202b4bc4d828541f5dc7c12e2","https://emploi.univ-grenoble-alpes.fr/","Saint-Martin-d'Hères (38400)","5,001 to 10,000","$100M to $500M (USD)","Rejoignez-nous et intégrez un employeur dynamique, engagé et responsable !","","","","","",""
"in-f6ed00246ef2d7df","indeed","https://fr.indeed.com/viewjob?jk=f6ed00246ef2d7df","https://jobs.inria.fr/public/classic/fr/offres/2026-09824","Scientific computing engineer: modeling and simulation of cardiac hemodynamics","Inria","Paris, A8, FR","2026-02-19","","","","","","",False,"","","","_Varela@inria.fr","*Le descriptif de l’offre ci\\-dessous est en Anglais*
**Type de contrat :** CDD


**Contrat renouvelable :** Oui


**Niveau de diplôme exigé :** Bac \\+ 5 ou équivalent


**Fonction :** Ingénieur scientifique contractuel


**Mission confiée**
-------------------


The objective of this research engineering position is to contribute to different modeling and pre\\-processing steps involved in the development of a computational tool for the 3D numerical simualtion of blood flow in the four cardiac cavities. The main motivation of this work is driven by the simulation of patohological scenarios such as the Hypoplastic Left Heart Syndrome (HLHS) and by numerically assesing different surgicals options. This work will be performed in the framework of the MEDITWIN project, which involves in particular a collaboration beetwen COMMEDIA project\\-team and Dassault Systèmes.

  


**Principales activités**
-------------------------


**Main activities:**


* Computational mesh generation and modification
* Physiogical data processing (e.g., muscle fibers, cavities motion)
* Computer implementation (FELiScE software)
* Testing, validation and simulation
**Compétences**
---------------


**Experience and training required:**


* Bac\\+5 (Master 2, engineering school)
* Initial training from an engineering school or university in computer science or mathematics with more specific training concerning scientific computing (numerical simulation, computational meshes, finite elements, etc.), fluid mechanics and structural mechanics
* Significant experience in developing scientific computing codes
* Good knowledge of the software development cycle, development tools and methods


**Required skills:**


* Mastery of C\\+\\+
* Good knowledge and skills in mathematical modeling, numerical simulation, mesh manipulation and post\\-processing
* Proficiency in version managers (e.g., git), documentation tools, automatic testing tools and continuous integration
* Good level of technical and scientific English, oral and written


**Valued skills:**


* Knowledge/experience in an R\\&D environment (public or private)
* PhD in scientific computing
**Avantages**
-------------


* Subsidized meals
* Partial reimbursement of public transport costs
* Leave: 7 weeks of annual leave \\+ 10 extra days off due to RTT (statutory reduction in working hours) \\+ possibility of exceptional leave (sick children, moving home, etc.)
* Possibility of teleworking and flexible organization of working hours (after 12 months of employment)
* Professional equipment available (videoconferencing, loan of computer equipment, etc.)
* Social, cultural and sports events and activities
* Access to vocational training
* Social security coverage

  
**Informations générales**
--------------------------


* **Thème/Domaine :** Modélisation et commande pour le vivant
* **Ville :** Paris
* **Centre Inria :** Centre Inria de Paris
* **Date de prise de fonction souhaitée :** 2026\\-06\\-01
* **Durée de contrat :** 2 ans
* **Date limite pour postuler :** 2026\\-04\\-13
**Attention**: Les candidatures doivent être déposées en ligne sur le site Inria. Le traitement des candidatures adressées par d'autres canaux n'est pas garanti.


**Consignes pour postuler**
---------------------------


**Sécurité défense :**  

Ce poste est susceptible d’être affecté dans une zone à régime restrictif (ZRR), telle que définie dans le décret n°2011\\-1425 relatif à la protection du potentiel scientifique et technique de la nation (PPST). L’autorisation d’accès à une zone est délivrée par le chef d’établissement, après avis ministériel favorable, tel que défini dans l’arrêté du 03 juillet 2012, relatif à la PPST. Un avis ministériel défavorable pour un poste affecté dans une ZRR aurait pour conséquence l’annulation du recrutement.


**Politique de recrutement :**
  

Dans le cadre de sa politique diversité, tous les postes Inria sont accessibles aux personnes en situation de handicap.


**Contacts**
------------


* **Équipe Inria :** COMMEDIA
* **Recruteur :**
  

Fernandez Varela Miguel Angel / Miguel\\-Angel.Fernandez\\_Varela@inria.fr
**A propos d'Inria**
--------------------


Inria est l’institut national de recherche dédié aux sciences et technologies du numérique. Il emploie 2600 personnes. Ses 215 équipes\\-projets agiles, en général communes avec des partenaires académiques, impliquent plus de 3900 scientifiques pour relever les défis du numérique, souvent à l’interface d’autres disciplines. L’institut fait appel à de nombreux talents dans plus d’une quarantaine de métiers différents. 900 personnels d’appui à la recherche et à l’innovation contribuent à faire émerger et grandir des projets scientifiques ou entrepreneuriaux qui impactent le monde. Inria travaille avec de nombreuses entreprises et a accompagné la création de plus de 200 start\\-up. L'institut s'eﬀorce ainsi de répondre aux enjeux de la transformation numérique de la science, de la société et de l'économie.","Internet And Software","https://fr.indeed.com/cmp/Inria","https://d2q79iu7y748jz.cloudfront.net/s/_squarelogo/256x256/010e5fe7c15c7b4314258502a2466e31","https://www.inria.fr","Rocquencourt, FR","1,001 to 5,000","","","","","","","",""
"in-962f1f846c5c4ce5","indeed","https://fr.indeed.com/viewjob?jk=962f1f846c5c4ce5","https://cadence.wd1.myworkdayjobs.com/en-US/External_Careers/job/Port-Moody-01-Vancouver/High-Performance-Computing--HPC--Engineer_R53078-1","High Performance Computing (HPC) Engineer | Port Moody (Greater Vancouver Area) Canada","Cadence Design Systems","Port, ARA, FR","2026-02-04","fulltime","","","","","",False,"","","","","At Cadence, we hire and develop leaders and innovators who want to make an impact on the world of technology.
-------------------------------------------------------------------------------------------------------------

**High Performance Computing (HPC) Engineer**
We are seeking a highly skilled HPC Engineer to join our team. The HPC Engineer is responsible for designing, implementing, and maintaining high‑performance software used for transistor‑level electrical circuit simulation in large‑scale, parallel computing environments. The ideal candidate has strong expertise in GPU\\-accelerated computation, distributed programming, and modern C\\+\\+ development, along with a passion for solving complex problems, performance optimization and scalable numerical simulation.**Position Location*** This is a full\\-time, on\\-site position based in Port Moody (Greater Vancouver Area) Canada. In\\-office attendance is required.

**Responsibilities*** Architect, develop, and maintain HPC software for large\\-scale circuit simulation in distributed and GPU\\-accelerated environments.
* Implement parallel and multi\\-threaded algorithms optimized for performance, scalability, and reliability.
* Apply performance engineering techniques using profilers, code analyzers, and hardware\\-level instrumentation to optimize computational kernels and system workflows.
* Collaborate with cross\\-functional engineering teams in a geographically distributed environment to deliver production\\-quality simulation technologies.
* Contribute to continuous integration, unit testing, and code quality processes using modern C\\+\\+ paradigms and AI‑assisted development workflows.

**Required Qualifications*** MS/PhD in Computer Science, Electrical Engineering, Mechanical Engineering, Aerospace Engineering, Physics, or a related technical field.
* Demonstrated experience contributing to large\\-scale numerical simulation projects (e.g., computational physics, fluid dynamics, finite‑element analysis, thermal analysis).
* Strong software engineering fundamentals, including design, refactoring, debugging, and testing of high\\-performance applications.

**Skills of Interest*** **GPU programming**: Expertise with CUDA, HIP, or other GPU computing frameworks.
* **Distributed programming**: Expertise with MPI or similar message‑passing systems.
* **Parallel / multi\\-threaded programming**: Expertise with OpenMP, pthreads, or other concurrency frameworks.
* **Performance optimization**: Skilled in kernel\\-level and system\\-level performance tuning using profilers and code analyzers (e.g., Nsight, VTune, perf).
* **Modern C\\+\\+**: Expertise with C\\+\\+14/17 or later, including templates, RAII, standard libraries, and modern language patterns.
* **Software quality practices**: Experience with unit testing, CI/CD automation, and code review processes.
* **AI\\-assisted development workflows**: Ability to integrate AI tools into engineering workflows to enhance productivity and code quality.

**Preferred Qualifications*** 2\\-4 years of industry experience developing numerical simulation codes.
* Familiarity with VLSI circuit simulation concepts and electrical circuit analysis.
* Background in numerical analysis, particularly numerical linear algebra, sparse matrix techniques, or methods for solving ODEs/PDEs.
* Experience using hardware\\-level debugging and profiling tools to analyze performance bottlenecks.

*The annual salary range for British Columbia is 109,200 CAD to 202,800 CAD.**You may also be eligible to receive incentive compensation: bonus, equity, and benefits. Sales positions generally offer a competitive On Target Earnings (OTE) incentive compensation structure. Please note that the salary range is a guideline and compensation may vary based on factors such as qualifications, skill level, competencies and work location.**Our benefits programs include: paid vacation and holidays, leave of absence programs, Registered Retirement Savings Plan (RRSP), Tax Free Savings (TFSA) plan for post\\-tax investment savings, Employee Stock Purchase Plan, group health coverage that includes dental, vision and Emotional Wellbeing Support (EAP) benefits for you and your eligible dependents. Cadence also offers employee and dependent Life insurance, and short\\-term and long\\-term disability. In addition, Cadence provides Global Travel Medical coverage, Business Travel Accident Insurance, and a funded Lifestyle Spending Account (LSA).***We’re doing work that matters. Help us solve what others can’t.**
-------------------------------------------------------------------","","https://fr.indeed.com/cmp/Cadence-Design-Systems","https://d2q79iu7y748jz.cloudfront.net/s/_squarelogo/256x256/076158ba906802dadf50bd8f892db739","https://www.cadence.com/en_US/home.html","San Jose, CA","10,000+","Decline to state","Cadence Design Systems, Inc (NASDAQ: CDNS) is an American electronic design automation (EDA) software and engineering services company.","","","","","",""
"in-d870b7d14f7ba2c6","indeed","https://fr.indeed.com/viewjob?jk=d870b7d14f7ba2c6","https://emploi.ifpen.fr/offre-de-emploi/emploi-postdoctoral-researcher-in-advanced-damage-and-fracture-mechanics-h-f_2182.aspx","Postdoctoral Researcher in Advanced Damage and Fracture Mechanics H/F","IFPEN","Rueil-Malmaison, A8, FR","2026-01-21","fulltime","","","","","",False,"","","","daniele.colombo@ifpen.fr","### **Contexte**


Damage and Fracture Mechanics are predictive computational tools able to prevent catastrophic failure in engineering structures. The complexity of the physics of damage, which rules out any homogeneity of materials at the usual macroscopic scale of laboratory experiments, has led to many different modeling assumptions in Solid Mechanics, each of them resulting from a suitable trade\\-off between physical relevance at different scales and applicability to structural design. Nonetheless, computations of failure mechanisms and ultimate load\\-carrying capacity of structures still stay as difficult tasks in civil and mechanical engineering.  

The successful candidate will join a collaborative research team investigating a novel approach to model and predict material failure called graded damage. The project aims to link fundamental mechanics principles with advanced computational tools, namely Code\\_Aster, a general\\-purpose finite element code released under the GPL license, to understand and simulate damage nucleation and growth in porous media under hydro\\-mechanical loading.
  

This post\\-doc position provides a stimulating environment for scientific growth and future collaborations. The expected results will help overcome obstacles in the ongoing research programs at IFPEN on CCUS (Carbon Capture, Usage and Storage) as part of the PEPR “sous\\-sol, bien commun” funded under the France 2030 plan.

  


### **Mission(s) principale(s) et activités**


Key responsibilities of the job include:

* Implementing the graded damage concept in Code\\_Aster.
* Developing a suitable extension of the model to the case of porous media.
* Designing a computationally efficient implementation to accommodate multi\\-domain parallelism for HPC computer clusters.
* Applying the developed model and computational tools to simulate CO2 screening.
* Analyzing results, publishing research in high\\-impact peer\\-reviewed journals, and presenting findings at international conferences.


### **Déplacements à prévoir**

The successful candidate will attend international conferences in France or abroad.


**Critères candidat**
---------------------

### **Compétences techniques et aptitudes**


Required Qualifications

* PhD in Mechanical Engineering, Civil Engineering, Aerospace Engineering, Materials Science, Physics, or a closely related field.
* Strong background in solid mechanics and finite element methods.
* Experience with computational mechanics and numerical simulations.  

Proficiency in computer programming, particularly in Fortran and Python languages.
* Good communication skills in Engli sh (B2 level or higher required), self\\-motivation and the ability to work both independently and collaboratively in an interdisciplinary environment.


Preferred Qualifications

* Experience with modelling in plasticity, fracture mechanics or phase\\-field approach.
* Basic knowledge of C\\+\\+ and MPI programming.
* Familiarity with software engineering practices (e.g. version control)
* Basic knowledge of mechanics of porous media.
* Basic knowledge of fluid mechanics, code coupling or machine learning applications in fracture mechanics.


Langues


Good communication skills in English (B2 level or higher required)


### **Diplôme(s), niveau d'études**


PhD in Mechanical Engineering, Civil Engineering, Aerospace Engineering, Materials Science, Physics, or a closely related field.


It’s mandatory that the candidate has been awarded his/her Ph.D. no more than 3 years ago.


### **Expérience(s) professionnelle(s) souhaitée(s)**


For further information and to apply, please contact:


Daniele COLOMBO \\- daniele.colombo@ifpen.fr


**Information publication**
---------------------------

### **Accessible aux personnes porteuses d'un handicap :**

Oui","Energy And Utilities","https://fr.indeed.com/cmp/Ifpen","https://d2q79iu7y748jz.cloudfront.net/s/_squarelogo/256x256/c29913f05a56e28e2efdc5423266591b","http://www.ifpenergiesnouvelles.fr/","Rueil-Malmaison","1,001 to 5,000","","IFP Energies nouvelles (IFPEN) recrute ! Découvrez nos offres !","","","","","",""
"in-0d632e283c20cb39","indeed","https://fr.indeed.com/viewjob?jk=0d632e283c20cb39","https://www.emploi.cea.fr/offre-de-emploi/emploi-numerical-analysis-of-fully-explicit-phase-field-models-for-dynamic-fracture-of-materials-h-f_38933.aspx","Numerical analysis of fully explicit phase-field models for dynamic fracture of materials H/F","Cea - Commissariat à l'Energie Atomique","Gif-sur-Yvette, A8, FR","2026-01-13","","","","","","",False,"","","","","**Description du poste**
------------------------

### **Domaine**


Mécanique et thermique

### **Contrat**


Stage

### **Intitulé de l'offre**


Numerical analysis of fully explicit phase\\-field models for dynamic fracture of materials H/F

### **Sujet de stage**


Numerical analysis of fully explicit phase\\-field models for dynamic fracture of materials

### **Durée du contrat (en mois)**


6

### **Description de l'offre**


Understanding material fracture is paramount in the nuclear industry to ensure the structural integrity and long\\-term safety of critical components. Therefore, accurately simulating the onset of cracks and their propagation is essential.

  

Among several approaches to simulate the fracture of materials, the phase\\-field approaches have gain popularity in the last years. In recent developments the phase\\-field approaches have been extended to situations where both the mechanical response and the crack\\-driving variable evolve dynamically. In such formulations, the mechanical equilibrium is governed by an hyperbolic equations, while the phase\\-field variable itself can also follow an hyperbolic evolution law that captures inertia or rate\\-dependent effects in the damage process. Explicit schemes are attractive for dynamic fracture because they naturally accommodate wave propagation and avoid the repeated solution of large nonlinear systems. Yet, they are only conditionally stable, and the admissible time step is usually estimated through CFL\\-type conditions derived from simplified arguments. Some of our investigations have suggested that phase field equations conditions might be very unfavorable since its associated critical timestep can fall to zero. However, it is still unclear if breaking this condition is prohibitive, since some calculations have been performed by this way \\[1, 2].

  

The aim of this internship is to investigate these issues through a numerical study of the coupled hyperbolic system. The student will try to assess if classical stability bounds may become overly conservative or, find a way to overcome these rules if it is not.

  

To do so, the candidate will come on board the Manta project \\[3], which is the framework of the nextgen finite element software for computational mechanics at CEA, and the “Laboratoire d’Etudes de DYNamique” lab, which hosts some of CEA leading experts in structural dynamics for civil nuclear applications.

  

References


\\[1] David Kamensky, Georgios Moutsanidis, Yuri Bazilevs, Hyperbolic phase field modeling of brittle fracture: Part I—Theory and simulations, Journal of the Mechanics and Physics of Solids, Volume 121, 2018, Pages 81\\-98, https://doi.org/10\\.1016/j.jmps.2018\\.07\\.010\\.


\\[2] Lamia Mersel, Pascal Bouda, Jérémy Germain and Julien Réthoré. Dynamic damage modelling through phase\\-field approaches: assessment, critical analysis and comparison. Comptes Rendus. Mécanique, Volume 353 (2025\\), pp. 687\\-724\\. doi : https://doi.org/10\\.5802/crmeca.297


\\[3] Olivier Jamond, Nicolas Lelong et al. ‘MANTA‘ : un code HPC généraliste pour la simulation de problèmes complexes en mécanique. In CSMA 2022 15ème Colloque National en Calcul des Structures. https://hal.science/hal\\-03688160v1


### **Profil du candidat**


Compétences recherchées:  

Analyse numérique, mécanique, développement informatique (C\\+\\+)

  

Formations/écoles cibles:  

Grande école d'ingénieur, Master2 dans le domaine de la simulation numérique


**Localisation du poste**
-------------------------

### **Site**


Saclay

### **Localisation du poste**


France, Ile\\-de\\-France, Essonne (91\\)

### **Ville**


Gif sur Yvette
**Critères candidat**
---------------------

### **Diplôme préparé**


Bac\\+5 \\- Master of Science


### **Formation recommandée**


Grande école d'ingénieur, Master2 dans le domaine de la simulation numérique

### **Possibilité de poursuite en thèse**


Oui

**Demandeur**
-------------

### **Disponibilité du poste**


01/04/2026

  

  

**Informations générales**
--------------------------

### **Entité de rattachement**

Le CEA est un acteur majeur de la recherche, au service des citoyens, de l'économie et de l'Etat.
  

  

Il apporte des solutions concrètes à leurs besoins dans quatre domaines principaux : transition énergétique, transition numérique, technologies pour la médecine du futur, défense et sécurité sur un socle de recherche fondamentale. Le CEA s'engage depuis plus de 75 ans au service de la souveraineté scientifique, technologique et industrielle de la France et de l'Europe pour un présent et un avenir mieux maîtrisés et plus sûrs.
  

  

Implanté au cœur des territoires équipés de très grandes infrastructures de recherche, le CEA dispose d'un large éventail de partenaires académiques et industriels en France, en Europe et à l'international.
  

  

Les 20 000 collaboratrices et collaborateurs du CEA partagent trois valeurs fondamentales :
  

  

* La conscience des responsabilités
* La coopération
* La curiosité


### **Référence**

2026\\-38933
### **Description de l'unité**

  

Le DM2S (Département de Modélisation des Systèmes et des Structures) développe des outils de simulation pour la conception et l'évaluation de systèmes dans les disciplines de base de l'énergie, i.e. thermomécanique, thermohydraulique et neutronique, toutes filières confondues. Il s'appuie pour cela sur des essais et des plateformes logicielles, développées en interne ou en partenariat.  

  

Le SEMT (Service d'Études Mécaniques et Thermiques), doté de 2 plateformes d'essai et d'outils de simulation qu'il développe (MANTA, EUROPLEXUS, CAST3M), est l'unité de compétence de la DES en mécanique, thermique, et interaction fluide\\-structure. Il participe aux projets du CEA, dont un grand nombre en coopération avec EDF, FRAMATOME, IRSN, ainsi qu'à des programmes de recherche nationaux et européens.  

  

Au sein du SEMT, le Laboratoire d'Études de Dynamique (DYN) est en charge d'actions d'études et de recherche dans les domaines de la dynamique des structures, en interaction éventuelle avec les fluides : vibrations, vibrations sous écoulement, et dynamique rapide. Un des atouts du laboratoire est de disposer de compétences et de moyens couvrant la modélisation physique, la simulation numérique et les essais (analytiques ou de validation) sur ses installations propres (plateforme RESEDA), en lien avec les activités industrielles de ses partenaires historiques (EDF et FRAMATOME).","Energy And Utilities","https://fr.indeed.com/cmp/Cea---Commissariat-%C3%80-L'energie-Atomique","https://d2q79iu7y748jz.cloudfront.net/s/_squarelogo/256x256/585b4f0a1b4521008f3e4d46fd2a7f56","https://www.cea.fr/","91191 Gif-sur-Yvette cedex","","","","","","","","",""
"in-01b6d2776e98f484","indeed","https://fr.indeed.com/viewjob?jk=01b6d2776e98f484","https://emfg.fa.em4.oraclecloud.com/hcmUI/CandidateExperience/en/sites/CX_1001/requisitions/preview/32148","Scientific computing and Solid Mechanics Research Engineer","ArcelorMittal","Maizières-lès-Metz, GE, FR","2025-10-13","fulltime","","","","","",False,"","","","","ArcelorMittal is the world’s largest steel producer. We use the most innovative technologies to create the steels tomorrow’s world will be made of. Every day over 125,000 of our talented people, located in over 60 countries, push the boundaries of digitalization, and use advanced technologies to create a stronger, faster, and smarter world. To help make this possible, they know they can depend on the support and training that a company of our scope and scale can provide.


Comprising 1,650 researchers spread across 14 Research Centres around the world, our Global R\\&D team aims to continuously improve the quality of steel and its manufacturing processes. This involves investigating and developing disruptive technologies, reducing the carbon footprint of steel, and optimizing costs while maintaining uncompromising quality. The team's strong multicultural diversity, with over 30 nationalities, offers international experience and makes it possible to meet global needs.


You will be based at the Maizières Process research centre, in a multicultural cluster of 35 researchers organized into three teams, working on the development and deployment of process solutions for ArcelorMittal.
  

You will join the Rolling Processes team working on innovative solutions to improve the quality of hot and cold\\-rolled products before delivery to customer and to support the development of new steel grades for different applications.
  

Business travels will allow you to work with partners in a worldwide perimeter and to experience different working cultures.


**Your role**

You will be in charge of developing and deploying rolling process solutions, mainly designed to:


* adapt and/or reinvent existing processes to pursue the ArcelorMittal progress towards carbon neutral steel
* adapt the process to design new steel products aligned with company's environmental commitment and the market trends (light weighting \\& electrification of vehicles)
* participate actively to the digital transformation of ArcelorMittal
* improve the productivity \\& reliability of ArcelorMittal production lines

As a Scientific computing and Solid Mechanics Research Engineer, your main missions will be:


* Lead the ongoing investment plans within the department in the tribology field
* Technical watch and exploratory projects in lubrication
* Support new product developments, including new steel grades for electrical vehicles using semi\\-analytical models
* Support process optimization using numerical methods
* Validate the R\\&D models by organizing and performing trials in all ArcelorMittal plants
* Be involved to the digitalization process of the company with the development of cutting\\-edge tools
* Contribute to the renewal of R\\&D activities by proposing new ideas and new projects

**Your profile**

* You hold a Master's degree in Solid Mechanics. A PhD would be a plus.
* You have a first experience in Solid Mechanics and/or Numerical modelling. Project leader background would be an asset.
* You have strong skills in numerical computation methods and in C/C\\+\\+ and Python. Another language would be a plus.
* You have experience in forming processes.
* You have good skills in Finite Element Method.
* You are fluent in French and English.
* You are curious, results oriented with a structured approach manner.
* You have advanced communication skills and excellent social skills when working on a project with a multi\\-cultural environment.
* You are willing to travel worldwide.

**According to ArcelorMittal Global R\\&D values:**

* You agree to comply with health and safety rules.
* You are respectful, transparent, honest, and empathetic in your relationships. You honor your word and your commitments to others.
* You agree to behave consistently with the highest level of integrity.
* You strive to question your practices. with high expectations of yourself and others, you strive for a high level of quality and reliability in everything you do.
* You recognize that diversity, varied skills, and fresh ideas make a group exponentially better in the pursuit of a common goal.
* You know that learning changes minds and lives, so you are committed to learning throughout your professional career and continually achieving the skills required and essential to your success.
* You are open to ideas that challenge conventions and stimulate innovation.

Join us and you will see that your work will help create renewable energy, impact major industries and boost economies. At ArcelorMittal, we'll help you create your world.


Attractive remuneration with stimulating career prospects in which eminent scientists and engineers evolve in a multicultural environment.","","https://fr.indeed.com/cmp/Arcelormittal","https://d2q79iu7y748jz.cloudfront.net/s/_squarelogo/256x256/75ba1dab3c2dc36f2a0b437f094e00d9","https://corporate.arcelormittal.com","Luxembourg","10,000+","more than $10B (USD)","At ArcelorMittal, the opportunities are endless. With 100,000+ employees, we are more than just a company, we are a community. Learn more: https://corporate.arcelormittal.com/careers","","","","","",""
"in-1aef14021b970673","indeed","https://fr.indeed.com/viewjob?jk=1aef14021b970673","https://jobs.siemens.com/externaljobs/JobDetail/478995?source=Indeed","Software Engineer Finite Element Framework h/f","Siemens","Lyon, ARA, FR","2025-10-10","fulltime","","","","","",False,"","","","","**Hello World, We are hiring!**


We empower our people to stay resilient and relevant in a constantly evolving world. We’re looking for people who are always searching for creative ways to grow and learn. People who want to make a real impact, now and in the future.


Does that sound like you? Then it seems like you’d make a great addition to our vibrant team.


Siemens Software, a business unit of the Siemens Digital Industries, is a leading global provider of software solutions to drive the digital transformation of industry, creating new opportunities for manufacturers to realize innovation.

 **About the role:**


The Simcenter STAR\\-CCM\\+ team is seeking motivated software engineers to contribute to the development of the Simcenter STAR\\-CCM\\+ Finite Element framework. This framework provides the foundation for our unique multiphysics capabilities like solid stress, fluid\\-structure interaction, electromagnetics and acoustic simulations. It is embedded in the distributed and highly scalable Simcenter STAR\\-CCM\\+ simulation environment, allowing flexible coupling also to other methods like finite volume, discrete particles, among others.


The primary goal of the framework developer is to design and develop abstraction layers, allowing physics developers to rapidly contribute physics modeling code without explicitly considering details of the computer architecture, parallel implementation and memory layouts.

 **What you’ll be doing:**

* Development of efficient solution methods, performance benchmarking and code optimization in a fully MPI\\-parallel environment
* Interaction with other Simcenter STAR\\-CCM\\+ teams like HPC, pre/postprocessing, discretization and meshing
* Work in large, geographically distributed teams

  

**What you’ll bring:**

* Master, PhD or equivalent degree in mechanical/civil/electrical engineering, applied math or computer science
* Excellent experience in the theoretical foundations of the finite element method and efficient numerical schemes
* Proven strong C\\+\\+ development skills
* Experience in large\\-scale software development and object\\-oriented programming
* Knowledge of modern finite element frameworks (deal.II, MFEM, FEniCS) is a plus
* Experience with modern CPU optimization (HPC), distributed computing environment (MPI), vectorization and GPU programming is a plus
* Excellent communication skills

  

**Working at Siemens Software**


Siemens is not the same manufacturing company as the past. We are helping our customers get to tomorrow faster through innovation and digitalization and are transforming alongside them. We are a modern, forward\\-looking software company, with the opportunities of a large corporation, where your opportunities are endless. The role you apply for today is only the first step in your Siemens journey.


Working at Siemens Software means flexibility – choosing between working at home and the office at other times is the norm here. We offer great benefits and rewards, as you'd expect from a world leader in industrial software.


We are diverse, show respect and believe everyone deserves an opportunity. Flattening hierarchies, celebrating individual contributions, expressing different ways of thinking and embracing flexibility to respect life beyond work. https://www.sw.siemens.com/en\\-US/diversity\\-equity\\-inclusion/

**Siemens. Making real what matters**

**If you want to make a difference – make it with us!**

**\\#LI\\-Hybrid**

**\\#DISWSIM**","","https://fr.indeed.com/cmp/Siemens","https://d2q79iu7y748jz.cloudfront.net/s/_squarelogo/256x256/3860ec082508233ef944a684f235d83d","https://www.siemens.com","Munich, Bavaria","10,000+","more than $10B (USD)","We are a leading technology company - focused on industry, infrastructure, transport, and healthcare - that transforms the everyday of billions of people.","","","","","",""
"in-47937bf3da6f0c89","indeed","https://fr.indeed.com/viewjob?jk=47937bf3da6f0c89","https://www.emploi.cea.fr/offre-de-emploi/emploi-stage-developpement-d-une-approche-monolithique-hpc-pour-les-couplages-multiphysiques-h-f_36989.aspx","Stage - Développement d'une approche monolithique HPC pour les couplages multiphysiques H/F","Cea - Commissariat à l'Energie Atomique","Saint-Paul-lès-Durance, B8, FR","2025-09-17","internship","","","","","",False,"","","","","**Description du poste**
------------------------

### **Domaine**


Mathématiques, information scientifique, logiciel

### **Contrat**


Stage

### **Intitulé de l'offre**


Stage \\- Développement d'une approche monolithique HPC pour les couplages multiphysiques H/F

### **Sujet de stage**


Développement d'une approche monolithique HPC pour la simulation thermomécanique du comportement des combustibles nucléaires.

### **Durée du contrat (en mois)**


6


### **Description de l'offre**


Vous serez accueilli·e au sein de **l’IRESNE**, institut de la DES, où vous intégrerez l’équipe du laboratoire et participerez pleinement à ses activités.

  

Contexte scientifique :


La simulation numérique du comportement des combustibles nucléaires repose sur la modélisation des interactions thermomécaniques qui s'établissent en cœur de réacteur. Les gradients thermiques générés par la fission induisent des contraintes mécaniques susceptibles de provoquer déformations et endommagements du combustible. La maîtrise de ces phénomènes fortement couplés constitue un enjeu majeur pour l'optimisation de la sûreté et des performances des réacteurs nucléaires.


La résolution numérique de ces problèmes multiphysiques repose principalement sur deux stratégies :

* l’approche monolithique, qui consiste à résoudre simultanément l’ensemble des équations dans un système global.
* l’approche partitionnée qui repose sur l'utilisation de solveurs spécifiques dédiés à chaque domaine physique, avec un échange des grandeurs d’intérêt.

  

La plateforme de simulation du comportement des combustibles nucléaires PLEIADES \\[1], développée par le CEA en partenariat avec EDF et Framatome, repose actuellement sur une approche partitionnée combinée à des méthodes d’accélération de convergence. Cette plateforme est en train d'évoluer vers des calculs HPC. Dans ce cadre, des études préliminaires de scalabilité des différentes stratégies numériques de couplage sont d'intérêt.

  

Objectif du stage :


L'objectif du stage est de **développer une approche monolithique HPC pour la résolution de problèmes multiphysiques couplés** (typiquement ici thermomécaniques) en s'appuyant sur MFEM \\[2], une bibliothèque C\\+\\+ open\\-source permettant la résolution d'équations aux dérivées partielles par la méthode des éléments finis.

  

Missions du stage :

* Dans un premier temps, l'étudiant(e) prendra en main la bibliothèque MFEM en s’appuyant sur la documentation et les exemples disponibles.
* Dans un second temps, il/elle implémentera l’approche monolithique pour la résolution d’un problème thermomécanique HPC en utilisant MFEM. Une stratégie d'implémentation par bloc, déjà proposée par MFEM, sera privilégiée.
* Enfin, l'approche proposée sera éprouvée au travers d’une étude qui comprendra :
	+ Des tests de convergence;
	+ L'évaluation de différents préconditionneurs afin d'optimiser les temps de calcul ;
	+ Une analyse de la scalabilité de la méthode sur supercalculateur
	+ La validation des résultats par comparaison avec des solutions analytiques ou des benchmarks numériques.

  

Références :

  

\\[1] S. Bernaud, I. Ramière, G. Latu, B. Michel, PLEIADES: A numerical framework dedicated to the multiphysics and multiscale nuclear fuel behavior simulation , 2024\\.  

\\[2] Robert Anderson et al., MFEM : A modular finite element methods library, 2021, https://mfem.org/


### **Moyens / Méthodes / Logiciels**


Méthode des éléments finis, MPI, MFEM, C\\+\\+, Linux

### **Profil du candidat**


De formation bac \\+ 5 ou en 3ème année d'école d'ingénieur spécialisé en mathématiques appliquées et/ou Calcul Haute Performance., vous recherchez un stage de 5 à 6 mois.

  

Doté d'un bon sens de l'analyse, d'une curiosité sans limite, vous avez le goût du travail en équipe.

  



**Pourquoi Intégrer le CEA ?**

* Donner du sens à votre carrière en travaillant au service des grands enjeux sociétaux de demain.
* Avoir des perspectives de carrière avec plus de 60 familles de métier, des formations...
* Nos avantages : RTT, réseau de ligne de bus sur certains centres (gratuit), restauration collective, CSE…

 *Conformément aux engagements pris par le CEA en faveur de l’intégration des personnes en situation d’handicap, cet emploi est ouvert à toutes et à tous. Le CEA propose des aménagements et/ou des possibilités d'organisation.*

  


**Localisation du poste**
-------------------------

### **Site**


Cadarache

### **Localisation du poste**


France, Provence\\-Côte d'Azur, Bouches du Rhône (13\\)

### **Ville**


Saint\\-Paul\\-Lez\\-Durance
**Critères candidat**
---------------------

### **Diplôme préparé**


Bac\\+5 \\- Diplôme École d'ingénieurs


### **Formation recommandée**


Mathématiques appliquées et/ou Calcul Haute Performance.

### **Possibilité de poursuite en thèse**


Oui

**Demandeur**
-------------

### **Disponibilité du poste**


01/12/2025

  

  

**Informations générales**
--------------------------

### **Entité de rattachement**

Le CEA est un acteur majeur de la recherche, au service des citoyens, de l'économie et de l'Etat.
  

  

Il apporte des solutions concrètes à leurs besoins dans quatre domaines principaux : transition énergétique, transition numérique, technologies pour la médecine du futur, défense et sécurité sur un socle de recherche fondamentale. Le CEA s'engage depuis plus de 75 ans au service de la souveraineté scientifique, technologique et industrielle de la France et de l'Europe pour un présent et un avenir mieux maîtrisés et plus sûrs.
  

  

Implanté au cœur des territoires équipés de très grandes infrastructures de recherche, le CEA dispose d'un large éventail de partenaires académiques et industriels en France, en Europe et à l'international.
  

  

Les 20 000 collaboratrices et collaborateurs du CEA partagent trois valeurs fondamentales :
  

  

* La conscience des responsabilités
* La coopération
* La curiosité


### **Référence**

2025\\-36989
### **Description de l'unité**


Le stage se déroulera à l'Institut de recherche sur les systèmes nucléaires du CEA Cadarache, dont les travaux contribuent à la conception de solutions énergétiques  

bas carbone.  

L'institut IRESNE mène notamment des activités de R\\&D sur la simulation du comportement des combustibles nucléaires, qui nécessitent de traiter des couplages thermomécaniques.","Energy And Utilities","https://fr.indeed.com/cmp/Cea---Commissariat-%C3%80-L'energie-Atomique","https://d2q79iu7y748jz.cloudfront.net/s/_squarelogo/256x256/585b4f0a1b4521008f3e4d46fd2a7f56","https://www.cea.fr/","91191 Gif-sur-Yvette cedex","","","","","","","","",""
"in-253b07834e50a3df","indeed","https://fr.indeed.com/viewjob?jk=253b07834e50a3df","https://jobs.inria.fr/public/classic/fr/offres/2025-09212","Development and application of a software platform for nanophotonics","Inria","Sophia Antipolis, B8, FR","2025-07-23","","","","","","",False,"","","","Stephane.Lanteri@inria.fr","*Le descriptif de l’offre ci\\-dessous est en Anglais*
**Type de contrat :** CDD


**Contrat renouvelable :** Oui


**Niveau de diplôme exigé :** Bac \\+ 5 ou équivalent


**Fonction :** Ingénieur scientifique contractuel


**Niveau d'expérience souhaité :** Jeune diplômé


**A propos du centre ou de la direction fonctionnelle**
-------------------------------------------------------


The Inria centre at Université Côte d'Azur includes 42 research teams and 9 support services. The centre's staff (about 500 people) is made up of scientists of diﬀerent nationalities, engineers, technicians and administrative staff. The teams are mainly located on the university campuses of Sophia Antipolis and Nice as well as Montpellier, in close collaboration with research and higher education laboratories and establishments (Université Côte d'Azur, CNRS, INRAE, INSERM ...), but also with the regiona economic players.



With a presence in the fields of computational neuroscience and biology, data science and modeling, software engineering and certification, as well as collaborative robotics, the Inria Centre at Université Côte d'Azur is a major player in terms of scientific excellence through its results and collaborations at both European and international levels.


**Contexte et atouts du poste**
-------------------------------


The position is with the Atlantis project\\-team at the Inria center of Université Côte d'Azur center, focusing on developing numerical modeling tools for nanophotonics. The team is also developing the DIOGENeS software suite for simulating nanoscale light\\-matter interactions \\[https://diogenes.inria.fr/].


**Mission confiée**
-------------------


The main objective in this assignment is to participate in the develoment capabilities of the numerical tools developed in the DIOGENeS software suite.  



The recruited engineer will also actively participate in the studies conducted by the Atlantis team members for demonstrating the benefits of these numerical tools through the simulation of realistic and challenging use cases pertaining to various applications of nanoscale light\\-matter interactions. In particular, the team is now actively collaborating with potential end\\-users of the DIOGENeS software suite who are raising various modeling issues that need to be addressed prior to simulating such realistic uses cases.

**Principales activités**
-------------------------


* Design and implement computational methods in object\\-oriented Fortran for partial differential equation models of nanophotonics
* Enhance the DIOGENeS software suite through new features, debugging, and performance optimization
* Collaborate with academic and industrial partners on research projects
* Represent the team at workshops, conferences, and dissemination events
* Develop and maintain technical documentation
* Contribute to scientific publications and technical reports
  


**Compétences**
---------------


**Required qualifications:**
* PhD or Master’s in applied mathematics, scientific computing, computational wave physics, or photonics
* Strong programming expertise in C\\+\\+ and/or Fortran for scientific computing
* Solid background in numerical analysis and finite element methods
* Familiarity with software engineering practices and version control (e.g., Git)
* Excellent command of English (spoken and written)

**Preferred skills:**
* Extensive experience in C\\+\\+ or Fortran, particularly for high\\-performance scientific computing
* Proficiency in computational electromagnetics and Maxwell solvers
* Working knowledge of parallel computing (MPI, OpenMP, OpenACC, or CUDA)

**Desired skills:**
* Understanding of optimization algorithms
* Experience with reduced\\-order modeling techniques
* Exposure to deep learning and neural networks
* Proficiency in Python for scientific workflows
* Prior involvement in collaborative or interdisciplinary research projects
**Avantages**
-------------


* Subsidized meals
* Partial reimbursement of public transport costs
* Leave: 7 weeks of annual leave \\+ 10 extra days off due to RTT (statutory reduction in working hours) \\+ possibility of exceptional leave (sick children, moving home, etc.)
* Possibility of teleworking and flexible organization of working hours
* Professional equipment available (videoconferencing, loan of computer equipment, etc.)
* Social, cultural and sports events and activities
* Access to vocational training
* Contribution to mutual insurance (subject to conditions)
**Rémunération**
----------------


From 2692 € gross monthly (according to degree and experience)


  
**Informations générales**
--------------------------


* **Thème/Domaine :** Schémas et simulations numériques
  

Calcul Scientifique (BAP E)
* **Ville :** Sophia Antipolis
* **Centre Inria :** Centre Inria d'Université Côte d'Azur
* **Date de prise de fonction souhaitée :** 2026\\-01\\-01
* **Durée de contrat :** 12 mois
* **Date limite pour postuler :** 2026\\-06\\-30
**Attention**: Les candidatures doivent être déposées en ligne sur le site Inria. Le traitement des candidatures adressées par d'autres canaux n'est pas garanti.


**Consignes pour postuler**
---------------------------


**Sécurité défense :**  

Ce poste est susceptible d’être affecté dans une zone à régime restrictif (ZRR), telle que définie dans le décret n°2011\\-1425 relatif à la protection du potentiel scientifique et technique de la nation (PPST). L’autorisation d’accès à une zone est délivrée par le chef d’établissement, après avis ministériel favorable, tel que défini dans l’arrêté du 03 juillet 2012, relatif à la PPST. Un avis ministériel défavorable pour un poste affecté dans une ZRR aurait pour conséquence l’annulation du recrutement.


**Politique de recrutement :**
  

Dans le cadre de sa politique diversité, tous les postes Inria sont accessibles aux personnes en situation de handicap.


**Contacts**
------------


* **Équipe Inria :** ATLANTIS
* **Recruteur :**
  

Lanteri Stéphane / Stephane.Lanteri@inria.fr
**A propos d'Inria**
--------------------


Inria est l’institut national de recherche dédié aux sciences et technologies du numérique. Il emploie 2600 personnes. Ses 215 équipes\\-projets agiles, en général communes avec des partenaires académiques, impliquent plus de 3900 scientifiques pour relever les défis du numérique, souvent à l’interface d’autres disciplines. L’institut fait appel à de nombreux talents dans plus d’une quarantaine de métiers différents. 900 personnels d’appui à la recherche et à l’innovation contribuent à faire émerger et grandir des projets scientifiques ou entrepreneuriaux qui impactent le monde. Inria travaille avec de nombreuses entreprises et a accompagné la création de plus de 200 start\\-up. L'institut s'eﬀorce ainsi de répondre aux enjeux de la transformation numérique de la science, de la société et de l'économie.","Internet And Software","https://fr.indeed.com/cmp/Inria","https://d2q79iu7y748jz.cloudfront.net/s/_squarelogo/256x256/010e5fe7c15c7b4314258502a2466e31","https://www.inria.fr","Rocquencourt, FR","1,001 to 5,000","","","","","","","",""
"li-4369073047","linkedin","https://www.linkedin.com/jobs/view/4369073047","","Ingénieur structure génie civil/Ingénieure structure génie civil","CAPEFRONT Energies","","2026-04-01","","","","","","",False,"","","","","","","https://ch.linkedin.com/company/capefront-energies","","","","","","","","","","","",""
"li-4393227163","linkedin","https://www.linkedin.com/jobs/view/4393227163","","Quantum Device Theory Scientist","Alice & Bob","Paris, Île-de-France, France","2026-03-30","","","","","","",False,"","","","","","","https://fr.linkedin.com/company/alice-bob","","","","","","","","","","","",""
"li-4301686804","linkedin","https://www.linkedin.com/jobs/view/4301686804","","Stage - Développement d'une approche monolithique HPC pour les couplages multiphysiques H/F","CEA","Saint-Paul-lez-Durance, Provence-Alpes-Côte d'Azur, France","2026-03-29","","","","","","",False,"","","","","","","https://fr.linkedin.com/company/cea","","","","","","","","","","","",""
"li-4389718233","linkedin","https://www.linkedin.com/jobs/view/4389718233","","Structural Mooring","CELESTAL","Nice, Provence-Alpes-Côte d'Azur, France","2026-03-26","","","","","","",False,"","","","","","","https://fr.linkedin.com/company/celestal","","","","","","","","","","","",""
"li-4389497382","linkedin","https://www.linkedin.com/jobs/view/4389497382","","Senior Engineer (AI & CAE)","European Tech Recruit","Paris, Île-de-France, France","2026-03-24","","","","","","",False,"","","","","","","https://uk.linkedin.com/company/european-tech-recruit","","","","","","","","","","","",""
"li-4354716328","linkedin","https://www.linkedin.com/jobs/view/4354716328","","Numerical analysis of fully explicit phase-field models for dynamic fracture of materials H/F","CEA","Saclay, Île-de-France, France","2026-03-19","","","","","","",False,"","","","","","","https://fr.linkedin.com/company/cea","","","","","","","","","","","",""
"li-4378827650","linkedin","https://www.linkedin.com/jobs/view/4378827650","","Ingénieure / Ingénieur sûreté nucléaire","Capgemini Engineering","Pierrelatte, Auvergne-Rhône-Alpes, France","2026-03-18","","","","","","",False,"","","","","","","https://fr.linkedin.com/company/capgemini-engineering","","","","","","","","","","","",""
"li-4374696097","linkedin","https://www.linkedin.com/jobs/view/4374696097","","Software Engineer Finite Element Framework h/f","Siemens","Lyon, Auvergne-Rhône-Alpes, France","2026-03-14","","","","","","",False,"","","","","","","https://de.linkedin.com/company/siemens","","","","","","","","","","","",""
"li-4384337967","linkedin","https://www.linkedin.com/jobs/view/4384337967","","Offshore structural engineer abaqus isymost","CAPEFRONT Energies","","2026-03-11","","","","","","",False,"","","","","","","https://ch.linkedin.com/company/capefront-energies","","","","","","","","","","","",""
"li-4323559233","linkedin","https://www.linkedin.com/jobs/view/4323559233","","Technical Expert - Offshore Structures Regulations (F/M)","Bureau Veritas","Saint-Herblain, Pays de la Loire, France","2025-11-28","","","","","","",False,"","","","","","","https://fr.linkedin.com/company/bureau-veritas-group","","","","","","","","","","","",""
"li-4338981586","linkedin","https://www.linkedin.com/jobs/view/4338981586","","Scientific computing and Solid Mechanics Research Engineer","ArcelorMittal Long Carbon LATAM","Maizières-lès-Metz, Grand Est, France","2025-11-25","","","","","","",False,"","","","","","","https://br.linkedin.com/company/arcelormittal-acos-longos","","","","","","","","","","","",""
"li-4397171384","linkedin","https://www.linkedin.com/jobs/view/4397171384","","Numerical Methods Research Scientist (Scientific Computing)","AQEMIA","Paris, Île-de-France, France","","","","","","","",False,"","","","","","","https://fr.linkedin.com/company/aqemia","","","","","","","","","","","",""
